{"week":[201314,201315,201316,201317,201318,201319,201320,201321,201322,201323,201324,201325,201326,201327,201328,201329,201330,201331,201332,201333,201334,201335,201336,201337,201338,201339,201340,201341,201342],"commits":[200,392,117,271,396,448,429,489,442,457,511,435,425,415,529,597,479,550,599,553,581,628,535,594,564,570,471,755,361],"committers":[69,112,61,112,125,137,146,154,152,154,157,164,156,139,191,210,202,209,202,190,212,207,209,210,190,198,170,200,133],"authors":[88,127,67,127,146,145,161,172,163,161,175,178,170,150,206,220,210,221,212,197,221,214,225,219,198,208,185,216,137],"files":[632,1186,403,734,1293,1574,1554,1500,1556,1349,1802,1317,1450,2696,1940,1791,2019,1812,1875,1709,1825,2171,2862,2874,2195,2710,1901,3065,1165],"added_lines":[15671,254233,20309,43830,66072,143118,386447,142459,342132,97456,213916,100828,233465,506019,176538,328097,212267,134061,293936,139244,128699,407843,601506,348410,100571,478870,390549,370758,73509],"removed_lines":[10924,189287,12535,35224,38280,79732,236922,90920,76889,64677,152647,100706,177132,456667,134269,79393,133289,70883,224593,83411,91781,171365,498300,149619,45703,300524,195344,183122,81190],"negative_removed_lines":[-10924,-189287,-12535,-35224,-38280,-79732,-236922,-90920,-76889,-64677,-152647,-100706,-177132,-456667,-134269,-79393,-133289,-70883,-224593,-83411,-91781,-171365,-498300,-149619,-45703,-300524,-195344,-183122,-81190],"branches":[4,4,4,4,4,4,4,4,4,3,4,3,4,5,5,5,5,5,5,4,4,3,5,5,5,6,5,4,5],"repositories":[34,41,25,39,42,44,42,45,44,45,42,45,38,41,46,43,42,39,44,45,39,41,41,40,43,44,45,46,47],"companies":[31,37,24,41,39,41,48,42,44,39,41,47,40,33,46,52,50,51,51,49,51,56,53,53,45,46,44,48,35],"tendency_commits":[0,0,0,0,0,0,0,0,0,0,0,0,0,0,0,0,0,0,0,108.55,115,122.7,85.8,79.9,67.25,46.65,28.55,55.5,8.79999999999995],"central":[0,0,0,0,0,0,0,0,0,0,0,0,0,0,0,0,0,0,0,0,0,0,0,0,0,0,0,0,0],"tendency_authors":[0,0,0,0,0,0,0,0,0,0,0,0,0,0,0,0,0,0,0,45.2,41.3,35.2,30.55,31.45,23.1,18.45,7.25,4.30000000000001,-9.65000000000001],"id":[1,2,3,4,5,6,7,8,9,10,11,12,13,14,15,16,17,18,19,20,21,22,23,24,25,26,27,28,29],"unixtime":["1364774400","1365379200","1365984000","1366588800","1367193600","1367798400","1368403200","1369008000","1369612800","1370217600","1370822400","1371427200","1372032000","1372636800","1373241600","1373846400","1374451200","1375056000","1375660800","1376265600","1376870400","1377475200","1378080000","1378684800","1379289600","1379894400","1380499200","1381104000","1381708800"],"date":["Apr 2013","Apr 2013","Apr 2013","Apr 2013","Apr 2013","May 2013","May 2013","May 2013","May 2013","Jun 2013","Jun 2013","Jun 2013","Jun 2013","Jul 2013","Jul 2013","Jul 2013","Jul 2013","Jul 2013","Aug 2013","Aug 2013","Aug 2013","Aug 2013","Sep 2013","Sep 2013","Sep 2013","Sep 2013","Sep 2013","Oct 2013","Oct 2013"]}